Headliner,Tour Name,Support,Date,Venue,City,State,Country,Source URL
All Time Low,Everyone’s Talking! Tour,Mayday Parade; Four Year Strong; Taylor Acorn,1/27/2026,Ancienne Belgique,Brussels,Belgium,Belgium,https://www.alltimelow.com
All Time Low,Everyone’s Talking! Tour,Mayday Parade; Four Year Strong; Taylor Acorn,2/9/2026,SaSaZu,Prague,Czechia,Czechia,https://www.alltimelow.com
All Time Low,Everyone’s Talking! Tour,Mayday Parade; Four Year Strong; Taylor Acorn,2/4/2026,Vega,Copenhagen,Denmark,Denmark,https://www.alltimelow.com
All Time Low,Everyone’s Talking! Tour,Mayday Parade; Four Year Strong; Taylor Acorn,1/26/2026,Salle Pleyel,Paris,France,France,https://www.alltimelow.com
All Time Low,Everyone’s Talking! Tour,Mayday Parade; Four Year Strong; Taylor Acorn,2/6/2026,Palladium,Cologne,Germany,Germany,https://www.alltimelow.com
All Time Low,Everyone’s Talking! Tour,Mayday Parade; Four Year Strong; Taylor Acorn,1/31/2026,Sporthalle,Hamburg,Germany,Germany,https://www.alltimelow.com
All Time Low,Everyone’s Talking! Tour,Mayday Parade; Four Year Strong; Taylor Acorn,1/30/2026,Haus Auensee,Leipzig,Germany,Germany,https://www.alltimelow.com
All Time Low,Everyone’s Talking! Tour,Mayday Parade; Four Year Strong; Taylor Acorn,2/12/2026,TonHalle München,Munich,Germany,Germany,https://www.alltimelow.com
All Time Low,Everyone’s Talking! Tour,Mayday Parade; Four Year Strong; Taylor Acorn,2/13/2026,ChorusLife Arena,Bergamo,Italy,Italy,https://www.alltimelow.com
All Time Low,Everyone’s Talking! Tour,Mayday Parade; Four Year Strong; Taylor Acorn,1/29/2026,13,Tilburg,Netherlands,Netherlands,https://www.alltimelow.com
All Time Low,Everyone’s Talking! Tour,Mayday Parade; Four Year Strong; Taylor Acorn,2/3/2026,Sentrum Scene,Oslo,Norway,Norway,https://www.alltimelow.com
All Time Low,Everyone’s Talking! Tour,Mayday Parade; Four Year Strong; Taylor Acorn,2/8/2026,Klub Stodoła,Warsaw,Poland,Poland,https://www.alltimelow.com
All Time Low,Everyone’s Talking! Tour,Mayday Parade; Four Year Strong; Taylor Acorn,2/17/2026,Lisboa Ao Vivo,Lisbon,Portugal,Portugal,https://www.alltimelow.com
All Time Low,Everyone’s Talking! Tour,Mayday Parade; Four Year Strong; Taylor Acorn,2/15/2026,Razzmatazz,Barcelona,Spain,Spain,https://www.alltimelow.com
All Time Low,Everyone’s Talking! Tour,Mayday Parade; Four Year Strong; Taylor Acorn,2/16/2026,Sala La Riviera,Madrid,Spain,Spain,https://www.alltimelow.com
All Time Low,Everyone’s Talking! Tour,Mayday Parade; Four Year Strong; Taylor Acorn,2/2/2026,Fryshuset Arenan,Stockholm,Sweden,Sweden,https://www.alltimelow.com
All Time Low,Everyone’s Talking! Tour,Mayday Parade; Four Year Strong; Taylor Acorn,2/10/2026,X-TRA,Zürich,Switzerland,Switzerland,https://www.alltimelow.com
All Time Low,Everyone’s Talking! Tour,Mayday Parade; Four Year Strong; Taylor Acorn,1/22/2026,Utilita Arena Cardiff,Cardiff,UK,UK,https://www.alltimelow.com
All Time Low,Everyone’s Talking! Tour,Mayday Parade; Four Year Strong; Taylor Acorn,1/20/2026,OVO Hydro,Glasgow,UK,UK,https://www.alltimelow.com
All Time Low,Everyone’s Talking! Tour,Mayday Parade; Four Year Strong; Taylor Acorn,1/24/2026,The O2,London,UK,UK,https://www.alltimelow.com
All Time Low,Everyone’s Talking! Tour,Mayday Parade; Four Year Strong; Taylor Acorn,1/23/2026,Co-op Live,Manchester,UK,UK,https://www.alltimelow.com
Anberlin,An Emo Extravaganza 2026,Cartel; Hot Chelle Rae; Broadside; This Wild Life,3/1/2026,Fortitude Music Hall,Brisbane,,Australia,https://www.destroyalllines.com/tours/an-emo-extravaganza
Anberlin,An Emo Extravaganza 2026,Cartel; Hot Chelle Rae; Broadside; This Wild Life,2/22/2026,PICA,Melbourne,,Australia,https://www.destroyalllines.com/tours/an-emo-extravaganza
Anberlin,An Emo Extravaganza 2026,Cartel; Hot Chelle Rae; Broadside; This Wild Life,2/28/2026,Roundhouse,Sydney,,Australia,https://www.destroyalllines.com/tours/an-emo-extravaganza
Avenged Sevenfold,,,2/3/2026,Movistar Arena,Buenos Aires,,Argentina,https://www.avengedsevenfold.com/tour
Avenged Sevenfold,Co‑Headlining Summer 2026 Tour,Good Charlotte,8/27/2026,Talking Stick Resort Amphitheatre,Phoenix,AZ,United States,https://www.avengedsevenfold.com/tour
Avenged Sevenfold,Co‑Headlining Summer 2026 Tour,Good Charlotte,8/23/2026,Ball Arena,Denver,CO,United States,https://www.avengedsevenfold.com/tour
Avenged Sevenfold,Co‑Headlining Summer 2026 Tour,Good Charlotte,8/18/2026,MidFlorida Credit Union Amphitheatre,Tampa,FL,United States,https://www.avengedsevenfold.com/tour
Avenged Sevenfold,Co‑Headlining Summer 2026 Tour,Good Charlotte,7/30/2026,Credit Union 1 Amphitheatre,Tinley Park,IL,United States,https://www.avengedsevenfold.com/tour
Avenged Sevenfold,Co‑Headlining Summer 2026 Tour,Good Charlotte,8/12/2026,Xfinity Center,Mansfield,MA,United States,https://www.avengedsevenfold.com/tour
Avenged Sevenfold,Co‑Headlining Summer 2026 Tour,Good Charlotte,8/4/2026,Pine Knob Music Theatre,Clarkston,MI,United States,https://www.avengedsevenfold.com/tour
Avenged Sevenfold,Co‑Headlining Summer 2026 Tour,Good Charlotte,7/27/2026,Mystic Lake Amphitheater,Shakopee,MN,United States,https://www.avengedsevenfold.com/tour
Avenged Sevenfold,Co‑Headlining Summer 2026 Tour,Good Charlotte,8/1/2026,Hollywood Casino Amphitheatre,Maryland Heights,MO,United States,https://www.avengedsevenfold.com/tour
Avenged Sevenfold,Co‑Headlining Summer 2026 Tour,Good Charlotte,7/25/2026,Thunder Ridge Nature Arena,Ridgedale,MO,United States,https://www.avengedsevenfold.com/tour
Avenged Sevenfold,Co‑Headlining Summer 2026 Tour,Good Charlotte,8/16/2026,PNC Music Pavilion,Charlotte,NC,United States,https://www.avengedsevenfold.com/tour
Avenged Sevenfold,Co‑Headlining Summer 2026 Tour,Good Charlotte,8/14/2026,Freedom Mortgage Pavilion,Camden,NJ,United States,https://www.avengedsevenfold.com/tour
Avenged Sevenfold,Co‑Headlining Summer 2026 Tour,Good Charlotte,8/10/2026,UBS Arena,Belmont Park,NY,United States,https://www.avengedsevenfold.com/tour
Avenged Sevenfold,Co‑Headlining Summer 2026 Tour,Good Charlotte,8/21/2026,Dos Equis Pavilion,Dallas,TX,United States,https://www.avengedsevenfold.com/tour
Avenged Sevenfold,,,1/28/2026,Pedreira Paulo Leminski,Curitiba,BR,BR,https://www.avengedsevenfold.com/tour
Avenged Sevenfold,,,1/31/2026,Allianz Parque,São Paulo,BR,BR,https://www.avengedsevenfold.com/tour
Avenged Sevenfold,Co‑Headlining Summer 2026 Tour,Good Charlotte,8/25/2026,Utah First Credit Union Amphitheatre,West Valley City,UT,United States,https://www.avengedsevenfold.com/tour
Avenged Sevenfold,,Mr. Bungle,1/24/2026,Estadio Bicentenario de La Florida,Santiago,CL,CL,https://www.avengedsevenfold.com/tour
Avenged Sevenfold,,,1/20/2026,Movistar Arena,Bogotá,CO,CO,https://www.avengedsevenfold.com/tour
Avenged Sevenfold,,A Day to Remember; Scars on Broadway; Mr. Bindle,1/17/2026,Estadio GNP Seguros,Mexico City,MX,MX,https://www.avengedsevenfold.com/tour
Avenged Sevenfold,Co‑Headlining Summer 2026 Tour,Good Charlotte,8/6/2026,RBC Amphitheatre,Toronto,ON,CAN,https://www.avengedsevenfold.com/tour
Avenged Sevenfold,,,1/14/2026,Coliseo de Puerto Rico José Miguel Agrelot,San Juan,PR,PR,https://www.avengedsevenfold.com/tour
Avenged Sevenfold,Co‑Headlining Summer 2026 Tour,Good Charlotte,8/8/2026,Centre Bell,Montreal,QC,CAN,https://www.avengedsevenfold.com/tour
Bad Omens,Graspop Metal Meeting 2026,Festival (various artists),18–21-Jun-26,Graspop Metal Meeting 2026,Dessel,Belgium,Belgium,https://www.badomensofficial.com
Bad Omens,Do You Feel Love North America Tour,Beartooth; President,3/24/2026,Desert Diamond Arena,Glendale,AZ,United States,https://www.badomensofficial.com
Bad Omens,Do You Feel Love North America Tour,Beartooth; President,3/26/2026,Kia Forum,Inglewood,CA,United States,https://www.badomensofficial.com
Bad Omens,Do You Feel Love North America Tour,Beartooth; President,3/27/2026,Oakland Arena,Oakland,CA,United States,https://www.badomensofficial.com
Bad Omens,Do You Feel Love North America Tour,Beartooth; President,2/24/2026,Ball Arena,Denver,CO,United States,https://www.badomensofficial.com
Bad Omens,Do You Feel Love North America Tour,Beartooth; President,3/4/2026,Allstate Arena,Rosemont,IL,United States,https://www.badomensofficial.com
Bad Omens,Do You Feel Love North America Tour,Beartooth; President,3/11/2026,TD Garden,Boston,MA,United States,https://www.badomensofficial.com
Bad Omens,Do You Feel Love North America Tour,Beartooth; President,3/14/2026,CFG Bank Arena,Baltimore,MD,United States,https://www.badomensofficial.com
Bad Omens,Do You Feel Love North America Tour,Beartooth; President,2/28/2026,Little Caesars Arena,Detroit,MI,United States,https://www.badomensofficial.com
Bad Omens,Do You Feel Love North America Tour,Beartooth; President,3/2/2026,Target Center,Minneapolis,MN,United States,https://www.badomensofficial.com
Bad Omens,Do You Feel Love North America Tour,Beartooth; President,2/26/2026,T-Mobile Center,Kansas City,MO,United States,https://www.badomensofficial.com
Bad Omens,Do You Feel Love North America Tour,Beartooth; President,3/16/2026,Lenovo Center,Raleigh,NC,United States,https://www.badomensofficial.com
Bad Omens,Do You Feel Love North America Tour,Beartooth; President,3/10/2026,Prudential Center,Newark,NJ,United States,https://www.badomensofficial.com
Bad Omens,Do You Feel Love North America Tour,Beartooth; President,3/22/2026,Paycom Center,Oklahoma City,OK,United States,https://www.badomensofficial.com
Bad Omens,Do You Feel Love North America Tour,Beartooth; President,3/13/2026,Xfinity Mobile Arena,Philadelphia,PA,United States,https://www.badomensofficial.com
Bad Omens,Do You Feel Love North America Tour,Beartooth; President,3/17/2026,Bridgestone Arena,Nashville,TN,United States,https://www.badomensofficial.com
Bad Omens,Do You Feel Love North America Tour,Beartooth; President,3/19/2026,American Airlines Center,Dallas,TX,United States,https://www.badomensofficial.com
Bad Omens,Do You Feel Love North America Tour,Beartooth; President,3/20/2026,Frost Bank Center,San Antonio,TX,United States,https://www.badomensofficial.com
Bad Omens,Do You Feel Love North America Tour,Beartooth; President,2/22/2026,Delta Center,Salt Lake City,UT,United States,https://www.badomensofficial.com
Bad Omens,Do You Feel Love Tour,,11/14/2026,Nova Rock 2026,Nickelsdorf,,Austria,https://www.badomensofficial.com
Bad Omens,Tuska Festival 2026,Festival (various artists),26–28-Jun-26,Tuska Festival 2026,Helsinki,Finland,Finland,https://www.badomensofficial.com
Bad Omens,Provinssi 2026,Festival (various artists),25–27-Jun-26,Provinssi 2026,Seinäjoki,Finland,Finland,https://www.badomensofficial.com
Bad Omens,Hellfest 2026,Festival (various artists),18–21-Jun-26,Hellfest 2026,Clisson,France,France,https://www.badomensofficial.com
Bad Omens,Do You Feel Love Tour,,6/3/2026,PSD Bank Dome,Düsseldorf,Germany,Germany,https://www.badomensofficial.com
Bad Omens,Do You Feel Love Tour,,6/8/2026,QUARTERBACK Immobilien AG,Leipzig,Germany,Germany,https://www.badomensofficial.com
Bad Omens,Do You Feel Love Tour,,6/7/2026,Rock am Ring 2026,Nürburg,Germany,Germany,https://www.badomensofficial.com
Bad Omens,Do You Feel Love Tour,,6/7/2026,Rock im Park 2026,Nürnberg,Germany,Germany,https://www.badomensofficial.com
Bad Omens,Do You Feel Love Tour,,6/16/2026,Parco della Musica di Milano,Novegro-Tregarezzo,Italy,Italy,https://www.badomensofficial.com
Bad Omens,Do You Feel Love North America Tour,Beartooth; President,3/6/2026,Scotiabank Arena,Toronto,ON,CAN,https://www.badomensofficial.com
Bad Omens,Summer Punch Festival 2026,Festival (various artists),18–19-Jun-26,Summer Punch Festival 2026,Warsaw,Poland,Poland,https://www.badomensofficial.com
Bad Omens,Do You Feel Love North America Tour,Beartooth; President,3/8/2026,Place Bell,Laval,QC,CAN,https://www.badomensofficial.com
Bad Omens,Broken Summer 2026,Festival (various artists),6/24/2026,Broken Summer 2026,Stockholm,Sweden,Sweden,https://www.badomensofficial.com
Bad Omens,Do You Feel Love Tour,,11/13/2026,Greenfield Festival 2026,Interlaken,Switzerland,Switzerland,https://www.badomensofficial.com
Bad Omens,Do You Feel Love Tour,,10/14/2026,Download Festival 2026,Castle Donington,United Kingdom,United Kingdom,https://www.badomensofficial.com
Bilmuri,Kinda Hard Tour 2026,The Home Team; GANG!,4/20/2026,Hollywood Palladium,Los Angeles,CA,United States,https://www.bilmuri.com/tour
Bilmuri,Kinda Hard Tour 2026,The Home Team; GANG!,4/21/2026,SOMA,San Diego,CA,United States,https://www.bilmuri.com/tour
Bilmuri,Kinda Hard Tour 2026,The Home Team; GANG!,4/17/2026,Fillmore Auditorium,Denver,CO,United States,https://www.bilmuri.com/tour
Bilmuri,Kinda Hard Tour 2026,The Home Team; GANG!,5/5/2026,Coca-Cola Roxy,Atlanta,GA,United States,https://www.bilmuri.com/tour
Bilmuri,Kinda Hard Tour 2026,The Home Team; GANG!,5/1/2026,Byline Bank Aragon Ballroom,Chicago,IL,United States,https://www.bilmuri.com/tour
Bilmuri,Kinda Hard Tour 2026,The Home Team; GANG!,5/17/2026,MGM Music Hall at Fenway,Boston,MA,United States,https://www.bilmuri.com/tour
Bilmuri,Kinda Hard Tour 2026,The Home Team; GANG!,5/3/2026,The Fillmore Detroit,Detroit,MI,United States,https://www.bilmuri.com/tour
Bilmuri,Kinda Hard Tour 2026,The Home Team; GANG!,4/30/2026,The Armory,Minneapolis,MN,United States,https://www.bilmuri.com/tour
Bilmuri,Kinda Hard Tour 2026,The Home Team; GANG!,5/7/2026,Skyla Credit Union Amphitheatre,Charlotte,NC,United States,https://www.bilmuri.com/tour
Bilmuri,Kinda Hard Tour 2026,The Home Team; GANG!,5/8/2026,Red Hat Amphitheater,Raleigh,NC,United States,https://www.bilmuri.com/tour
Bilmuri,Kinda Hard Tour 2026,The Home Team; GANG!,5/15/2026,The Rooftop at Pier 17,New York,NY,United States,https://www.bilmuri.com/tour
Bilmuri,Kinda Hard Tour 2026,The Home Team; GANG!,5/12/2026,Andrew J Brady Music Center,Cincinnati,OH,United States,https://www.bilmuri.com/tour
Bilmuri,Kinda Hard Tour 2026,The Home Team; GANG!,4/28/2026,The Criterion,Oklahoma City,OK,United States,https://www.bilmuri.com/tour
Bilmuri,Kinda Hard Tour 2026,The Home Team; GANG!,5/11/2026,UPMC Events Center,Moon Township,PA,United States,https://www.bilmuri.com/tour
Bilmuri,Kinda Hard Tour 2026,The Home Team; GANG!,5/13/2026,The Pinnacle,Nashville,TN,United States,https://www.bilmuri.com/tour
Bilmuri,Kinda Hard Tour 2026,The Home Team; GANG!,4/24/2026,South Side Ballroom,Dallas,TX,United States,https://www.bilmuri.com/tour
Bilmuri,Kinda Hard Tour 2026,The Home Team; GANG!,4/26/2026,Bayou Music Center,Houston,TX,United States,https://www.bilmuri.com/tour
Bilmuri,Kinda Hard Tour 2026,The Home Team; GANG!,4/25/2026,Boeing Center at Tech Port,San Antonio,TX,United States,https://www.bilmuri.com/tour
Bilmuri,Kinda Hard Tour 2026,The Home Team; GANG!,4/18/2026,Union Event Center,Salt Lake City,UT,United States,https://www.bilmuri.com/tour
Bilmuri,Kinda Hard Tour 2026,The Home Team; GANG!,5/2/2026,The Sylvee,Madison,WI,United States,https://www.bilmuri.com/tour
Boys Like Girls,The Soundtrack Of Your Life Tour 2026,I Dont Know How But They Found Me; Arrows In Action,4/29/2026,Marquee Theatre,Tempe,AZ,United States,https://www.boyslikegirls.com
Boys Like Girls,The Soundtrack Of Your Life Tour 2026,I Dont Know How But They Found Me; Arrows In Action,5/1/2026,House of Blues Anaheim,Anaheim,CA,United States,https://www.boyslikegirls.com
Boys Like Girls,The Soundtrack Of Your Life Tour 2026,I Dont Know How But They Found Me; Arrows In Action,5/3/2026,House of Blues Anaheim,Anaheim,CA,United States,https://www.boyslikegirls.com
Boys Like Girls,The Soundtrack Of Your Life Tour 2026,I Dont Know How But They Found Me; Arrows In Action,5/5/2026,Hard Rock Live Sacramento,Wheatland,CA,United States,https://www.boyslikegirls.com
Boys Like Girls,The Soundtrack Of Your Life Tour 2026,I Dont Know How But They Found Me; Arrows In Action,3/21/2026,Fillmore Auditorium,Denver,CO,United States,https://www.boyslikegirls.com
Boys Like Girls,The Soundtrack Of Your Life Tour 2026,I Dont Know How But They Found Me; Arrows In Action,4/23/2026,Hard Rock Live Orlando,Orlando,FL,United States,https://www.boyslikegirls.com
Boys Like Girls,The Soundtrack Of Your Life Tour 2026,I Dont Know How But They Found Me; Arrows In Action,4/22/2026,Seminole Hard Rock Tampa Event Center,Tampa,FL,United States,https://www.boyslikegirls.com
Boys Like Girls,The Soundtrack Of Your Life Tour 2026,I Dont Know How But They Found Me; Arrows In Action,5/9/2026,Revolution Concert House & Event Center,Garden City,ID,United States,https://www.boyslikegirls.com
Boys Like Girls,The Soundtrack Of Your Life Tour 2026,I Dont Know How But They Found Me; Arrows In Action,3/27/2026,Byline Bank Aragon Ballroom,Chicago,IL,United States,https://www.boyslikegirls.com
Boys Like Girls,The Soundtrack Of Your Life Tour 2026,I Dont Know How But They Found Me; Arrows In Action,4/10/2026,The Fillmore Silver Spring,Silver Spring,MD,United States,https://www.boyslikegirls.com
Boys Like Girls,The Soundtrack Of Your Life Tour 2026,I Dont Know How But They Found Me; Arrows In Action,4/6/2026,The Fillmore Detroit,Detroit,MI,United States,https://www.boyslikegirls.com
Boys Like Girls,The Soundtrack Of Your Life Tour 2026,I Dont Know How But They Found Me; Arrows In Action,3/28/2026,GLC Live at 20 Monroe,Grand Rapids,MI,United States,https://www.boyslikegirls.com
Boys Like Girls,The Soundtrack Of Your Life Tour 2026,I Dont Know How But They Found Me; Arrows In Action,3/24/2026,The Fillmore Minneapolis,Minneapolis,MN,United States,https://www.boyslikegirls.com
Boys Like Girls,The Soundtrack Of Your Life Tour 2026,I Dont Know How But They Found Me; Arrows In Action,3/22/2026,Steelhouse Omaha,Omaha,NE,United States,https://www.boyslikegirls.com
Boys Like Girls,The Soundtrack Of Your Life Tour 2026,I Dont Know How But They Found Me; Arrows In Action,4/11/2026,The Wellmont Theater,Montclair,NJ,United States,https://www.boyslikegirls.com
Boys Like Girls,The Soundtrack Of Your Life Tour 2026,I Dont Know How But They Found Me; Arrows In Action,4/3/2026,Brooklyn Paramount,Brooklyn,NY,United States,https://www.boyslikegirls.com
Boys Like Girls,The Soundtrack Of Your Life Tour 2026,I Dont Know How But They Found Me; Arrows In Action,4/7/2026,Buffalo RiverWorks,Buffalo,NY,United States,https://www.boyslikegirls.com
Boys Like Girls,The Soundtrack Of Your Life Tour 2026,I Dont Know How But They Found Me; Arrows In Action,3/30/2026,Andrew J Brady Music Center,Cincinnati,OH,United States,https://www.boyslikegirls.com
Boys Like Girls,The Soundtrack Of Your Life Tour 2026,I Dont Know How But They Found Me; Arrows In Action,4/1/2026,MGM Northfield Park – Center Stage,Northfield,OH,United States,https://www.boyslikegirls.com
Boys Like Girls,The Soundtrack Of Your Life Tour 2026,I Dont Know How But They Found Me; Arrows In Action,5/7/2026,Roseland Theater,Portland,OR,United States,https://www.boyslikegirls.com
Boys Like Girls,The Soundtrack Of Your Life Tour 2026,I Dont Know How But They Found Me; Arrows In Action,4/2/2026,Roxian Theatre Presented by Citizens,McKees Rocks,PA,United States,https://www.boyslikegirls.com
Boys Like Girls,The Soundtrack Of Your Life Tour 2026,I Dont Know How But They Found Me; Arrows In Action,4/9/2026,The Met Presented by Highmark,Philadelphia,PA,United States,https://www.boyslikegirls.com
Boys Like Girls,The Soundtrack Of Your Life Tour 2026,I Dont Know How But They Found Me; Arrows In Action,3/29/2026,Ryman Auditorium,Nashville,TN,United States,https://www.boyslikegirls.com
Boys Like Girls,The Soundtrack Of Your Life Tour 2026,I Dont Know How But They Found Me; Arrows In Action,4/25/2026,House of Blues Houston,Houston,TX,United States,https://www.boyslikegirls.com
Boys Like Girls,The Soundtrack Of Your Life Tour 2026,I Dont Know How But They Found Me; Arrows In Action,4/26/2026,Boeing Center at Tech Port,San Antonio,TX,United States,https://www.boyslikegirls.com
Boys Like Girls,The Soundtrack Of Your Life Tour 2026,I Dont Know How But They Found Me; Arrows In Action,3/20/2026,Union Event Center,Salt Lake City,UT,United States,https://www.boyslikegirls.com
Boys Like Girls,The Soundtrack Of Your Life Tour 2026,I Dont Know How But They Found Me; Arrows In Action,5/10/2026,Moore Theatre,Seattle,WA,United States,https://www.boyslikegirls.com
Boys Like Girls,The Soundtrack Of Your Life Tour 2026,I Dont Know How But They Found My; Arrows In Action,5/8/2026,Knitting Factory – Spokane,Spokane,WA,United States,https://www.boyslikegirls.com
Boys Like Girls,The Soundtrack Of Your Life Tour 2026,I Dont Know How But They Found Me; Arrows In Action,3/25/2026,Landmark Credit Union Live,Milwaukee,WI,United States,https://www.boyslikegirls.com
Boys Like Girls,,,7/15/2026,O2 Academy Glasgow,Glasgow,Scotland,Scotland,https://www.boyslikegirls.com
Boys Like Girls,,,7/13/2026,O2 Academy Bristol,Bristol,United Kingdom,United Kingdom,https://www.boyslikegirls.com
Boys Like Girls,,,7/18/2026,O2 Academy Brixton,London,United Kingdom,United Kingdom,https://www.boyslikegirls.com
Boys Like Girls,,,7/17/2026,Manchester Academy,Manchester,United Kingdom,United Kingdom,https://www.boyslikegirls.com
Bring Me The Horizon,Welcome To Rockville Festival,Motionless In White; The Plot In You; Amira Elfeky,5/9/2026,Welcome To Rockville Festival,Daytona Beach,FL,FL,https://www.bmthofficial.com
Bring Me The Horizon,North American Ascension Program 2 Tour,Motionless In White; The Plot In You; Amira Elfeky,5/15/2026,Allstate Arena,Rosemont,IL,IL,https://www.bmthofficial.com
Bring Me The Horizon,North American Ascension Program 2 Tour,Motionless In White; The Plot In You; Amira Elfeky,5/1/2026,DCU Center,Worcester,MA,MA,https://www.bmthofficial.com
Bring Me The Horizon,North American Ascension Program 2 Tour,Motionless In White; The Plot In You; Amira Elfeky,5/4/2026,CFG Bank Arena,Baltimore,MD,MD,https://www.bmthofficial.com
Bring Me The Horizon,North American Ascension Program 2 Tour,Motionless In White; The Plot In You; Amira Elfeky,5/13/2026,Grand Casino Arena,St. Paul,MN,MN,https://www.bmthofficial.com
Bring Me The Horizon,North American Ascension Program 2 Tour,Motionless In White; The Plot In You; Amira Elfeky,5/12/2026,T-Mobile Center,Kansas City,MO,MO,https://www.bmthofficial.com
Bring Me The Horizon,North American Ascension Program 2 Tour,Motionless In White; The Plot In You; Amira Elfeky,5/11/2026,Enterprise Center,St. Louis,MO,MO,https://www.bmthofficial.com
Bring Me The Horizon,North American Ascension Program 2 Tour,Motionless In White; The Plot In You; Amira Elfeky,5/2/2026,Madison Square Garden,New York,NY,NY,https://www.bmthofficial.com
Bring Me The Horizon,North American Ascension Program 2 Tour,Motionless In White; The Plot In You; Amira Elfeky,5/16/2026,Sonic Temple Festival,Columbus,OH,OH,https://www.bmthofficial.com
Bring Me The Horizon,North American Ascension Program 2 Tour,Motionless In White; The Plot In You; Amira Elfeky,4/28/2026,Scotiabank Arena,Toronto,ON,ON,https://www.bmthofficial.com
Bring Me The Horizon,North American Ascension Program 2 Tour,Motionless In White; The Plot In You; Amira Elfeky,5/5/2026,PPG Paints Arena,Pittsburgh,PA,PA,https://www.bmthofficial.com
Bring Me The Horizon,North American Ascension Program 2 Tour,Motionless In White; The Plot In You; Amira Elfeky,4/29/2026,Bell Centre,Montreal,QC,QC,https://www.bmthofficial.com
Bring Me The Horizon,North American Ascension Program 2 Tour,Motionless In White; The Plot In You; Amira Elfeky,5/7/2026,Bridgestone Arena,Nashville,TN,TN,https://www.bmthofficial.com
Evanescence,2026 World Tour,Poppy; K.Flay,7/11/2026,First Security Amphitheater,North Little Rock,AR,United States,https://www.evanescence.com
Evanescence,2026 World Tour,Spiritbox; Nova Twins,9/16/2026,Forest National,Brussels,Belgium,Belgium,https://www.evanescence.com
Evanescence,2026 World Tour,Spiritbox; Nova Twins,9/17/2026,Accor Arena,Paris,France,France,https://www.evanescence.com
Evanescence,2026 World Tour,Spiritbox; Nova Twins,9/25/2026,Uber Arena,Berlin,Germany,Germany,https://www.evanescence.com
Evanescence,2026 World Tour,Spiritbox; Nova Twins,9/20/2026,Westfalenhalle,Dortmund,Germany,Germany,https://www.evanescence.com
Evanescence,2026 World Tour,Spiritbox; Nova Twins,9/19/2026,Festhalle,Frankfurt,Germany,Germany,https://www.evanescence.com
Evanescence,2026 World Tour,Spiritbox; Nova Twins,9/23/2026,Barclays Arena,Hamburg,Germany,Germany,https://www.evanescence.com
Evanescence,2026 World Tour,Spiritbox; Nova Twins,9/26/2026,Olympiahalle,Munich,Germany,Germany,https://www.evanescence.com
Evanescence,2026 World Tour,Spiritbox; Nova Twins,9/28/2026,Unipol Arena,Bologna,Italy,Italy,https://www.evanescence.com
Evanescence,2026 World Tour,Poppy; K.Flay,7/15/2026,Footprint Center,Phoenix,AZ,United States,https://www.evanescence.com
Evanescence,2026 World Tour,Poppy; K.Flay,7/17/2026,North Island Credit Union Amphitheatre,Chula Vista,CA,United States,https://www.evanescence.com
Evanescence,2026 World Tour,Poppy; K.Flay,7/18/2026,Shoreline Amphitheatre,Mountain View,CA,United States,https://www.evanescence.com
Evanescence,2026 World Tour,K.Flay,10/26/2026,Red Rocks Amphitheatre,Morrison,CO,United States,https://www.evanescence.com
Evanescence,2026 World Tour,Spiritbox; Nova Twins,6/12/2026,MidFlorida Credit Union Amphitheatre,Tampa,FL,United States,https://www.evanescence.com
Evanescence,2026 World Tour,Spiritbox; Nova Twins,6/11/2026,iTHINK Financial Amphitheatre,West Palm Beach,FL,United States,https://www.evanescence.com
Evanescence,2026 World Tour,Spiritbox; Nova Twins,6/14/2026,Ameris Bank Amphitheatre,Alpharetta,GA,United States,https://www.evanescence.com
Evanescence,2026 World Tour,Spiritbox; Nova Twins,7/8/2026,Credit Union 1 Amphitheatre,Tinley Park,IL,United States,https://www.evanescence.com
Evanescence,2026 World Tour,Spiritbox; Nova Twins,7/9/2026,Ruoff Music Center,Noblesville,IN,United States,https://www.evanescence.com
Evanescence,2026 World Tour,Spiritbox; Nova Twins,6/21/2026,Xfinity Center,Mansfield,MA,United States,https://www.evanescence.com
Evanescence,2026 World Tour,Poppy; K.Flay,8/2/2026,Pine Knob Music Theatre,Clarkston,MI,United States,https://www.evanescence.com
Evanescence,2026 World Tour,Poppy; K.Flay,7/12/2026,T-Mobile Center,Kansas City,MO,United States,https://www.evanescence.com
Evanescence,2026 World Tour,Poppy; K.Flay,7/28/2026,Hollywood Casino Amphitheatre,St. Louis,MO,United States,https://www.evanescence.com
Evanescence,2026 World Tour,Spiritbox; Nova Twins,6/18/2026,PNC Music Pavilion,Charlotte,NC,United States,https://www.evanescence.com
Evanescence,2026 World Tour,Spiritbox; Nova Twins,6/17/2026,Red Hat Amphitheater,Raleigh,NC,United States,https://www.evanescence.com
Evanescence,2026 World Tour,Spiritbox; Nova Twins,6/20/2026,Freedom Mortgage Pavilion,Camden,NJ,United States,https://www.evanescence.com
Evanescence,2026 World Tour,Spiritbox; Nova Twins,6/26/2026,PNC Bank Arts Center,Holmdel,NJ,United States,https://www.evanescence.com
Evanescence,2026 World Tour,Poppy; K.Flay,7/14/2026,Isleta Amphitheater,Albuquerque,NM,United States,https://www.evanescence.com
Evanescence,2026 World Tour,Spiritbox; Nova Twins,6/23/2026,Saratoga Performing Arts Center,Saratoga Springs,NY,United States,https://www.evanescence.com
Evanescence,2026 World Tour,Spiritbox; Nova Twins,6/24/2026,Jones Beach Theater,Wantagh,NY,United States,https://www.evanescence.com
Evanescence,2026 World Tour,Poppy; K.Flay,8/1/2026,Riverbend Music Center,Cincinnati,OH,United States,https://www.evanescence.com
Evanescence,2026 World Tour,Poppy; K.Flay,7/30/2026,Blossom Music Center,Cuyahoga Falls,OH,United States,https://www.evanescence.com
Evanescence,2026 World Tour,Spiritbox; Nova Twins,6/15/2026,Ascend Amphitheater,Nashville,TN,United States,https://www.evanescence.com
Evanescence,2026 World Tour,Poppy; K.Flay,7/25/2026,Utah First Credit Union Amphitheatre,Salt Lake City,UT,United States,https://www.evanescence.com
Evanescence,2026 World Tour,Spiritbox; Nova Twins,6/27/2026,Jiffy Lube Live,Bristow,VA,United States,https://www.evanescence.com
Evanescence,2026 World Tour,Poppy; K.Flay,7/22/2026,White River Amphitheatre,Auburn,WA,United States,https://www.evanescence.com
Evanescence,2026 World Tour,Poppy; K.Flay,7/20/2026,White River Amphitheatre,Ridgefield,WA,United States,https://www.evanescence.com
Evanescence,2026 World Tour,Spiritbox; Nova Twins,9/22/2026,Ziggo Dome,Amsterdam,Netherlands,Netherlands,https://www.evanescence.com
Evanescence,2026 World Tour,Spiritbox; Nova Twins,6/29/2026,Budweiser Stage,Toronto,ON,CAN,https://www.evanescence.com
Evanescence,2026 World Tour,Spiritbox; Nova Twins,10/4/2026,Altice Arena,Lisbon,Portugal,Portugal,https://www.evanescence.com
Evanescence,2026 World Tour,Spiritbox; Nova Twins,6/30/2026,Bell Centre,Montreal,QC,CAN,https://www.evanescence.com
Evanescence,2026 World Tour,Spiritbox; Nova Twins,10/1/2026,Palau Sant Jordi,Barcelona,Spain,Spain,https://www.evanescence.com
Evanescence,2026 World Tour,Spiritbox; Nova Twins,10/2/2026,Wizink Center,Madrid,Spain,Spain,https://www.evanescence.com
Evanescence,2026 World Tour,Spiritbox; Nova Twins,9/29/2026,Hallenstadion,Zurich,Switzerland,Switzerland,https://www.evanescence.com
Evanescence,2026 World Tour,Spiritbox; Nova Twins,9/11/2026,Utilita Arena,Birmingham,UK,UK,https://www.evanescence.com
Evanescence,2026 World Tour,Spiritbox; Nova Twins,9/8/2026,First Direct Arena,Leeds,UK,UK,https://www.evanescence.com
Evanescence,2026 World Tour,Spiritbox; Nova Twins,9/13/2026,The O2,London,UK,UK,https://www.evanescence.com
Evanescence,2026 World Tour,Spiritbox; Nova Twins,9/10/2026,AO Arena,Manchester,UK,UK,https://www.evanescence.com
Hayley Williams,Good Dye Young Presents: Hayley Williams At A Bachelorette Party 2026,Tiberius B; Water From Your Eyes,6/15/2026,Tempodrom,Berlin,DE,DE,https://www.ticketmaster.com/hayley-williams-tickets/artist/2733627
Hayley Williams,Good Dye Young Presents: Hayley Williams At A Bachelorette Party 2026,Water From Your Eyes,6/10/2026,Live Music Hall,Cologne,DE,DE,https://www.ticketmaster.com/hayley-williams-tickets/artist/2733627
Hayley Williams,Good Dye Young Presents: Hayley Williams At A Bachelorette Party 2026,Water From Your Eyes,6/16/2026,Poolen,Copenhagen,DK,DK,https://www.ticketmaster.com/hayley-williams-tickets/artist/2733627
Hayley Williams,Good Dye Young Presents: Hayley Williams At A Bachelorette Party 2026,Water From Your Eyes,6/29/2026,National Stadium,Dublin,IE,IE,https://www.ticketmaster.com/hayley-williams-tickets/artist/2733627
Hayley Williams,Good Dye Young Presents: Hayley Williams At A Bachelorette Party 2026,Water From Your Eyes,6/30/2026,National Stadium,Dublin,IE,IE,https://www.ticketmaster.com/hayley-williams-tickets/artist/2733627
Hayley Williams,Good Dye Young Presents: Hayley Williams At A Bachelorette Party 2026,Water From Your Eyes,6/5/2026,Alcatraz,Milan,IT,IT,https://www.ticketmaster.com/hayley-williams-tickets/artist/2733627
Hayley Williams,Good Dye Young Presents: Hayley Williams At A Bachelorette Party 2026,Water From Your Eyes,5/5/2026,The Van Buren,Phoenix,AZ,United States,https://www.ticketmaster.com/hayley-williams-tickets/artist/2733627
Hayley Williams,Good Dye Young Presents: Hayley Williams At A Bachelorette Party 2026,Water From Your Eyes,5/12/2026,The Wiltern,Los Angeles,CA,United States,https://www.ticketmaster.com/hayley-williams-tickets/artist/2733627
Hayley Williams,Good Dye Young Presents: Hayley Williams At A Bachelorette Party 2026,Water From Your Eyes,5/13/2026,The Wiltern,Los Angeles,CA,United States,https://www.ticketmaster.com/hayley-williams-tickets/artist/2733627
Hayley Williams,Good Dye Young Presents: Hayley Williams At A Bachelorette Party 2026,Water From Your Eyes,5/15/2026,The Wiltern,Los Angeles,CA,United States,https://www.ticketmaster.com/hayley-williams-tickets/artist/2733627
Hayley Williams,Good Dye Young Presents: Hayley Williams At A Bachelorette Party 2026,Water From Your Eyes,5/7/2026,Fox Theater,Oakland,CA,United States,https://www.ticketmaster.com/hayley-williams-tickets/artist/2733627
Hayley Williams,Good Dye Young Presents: Hayley Williams At A Bachelorette Party 2026,Water From Your Eyes,5/9/2026,Fox Theater,Oakland,CA,United States,https://www.ticketmaster.com/hayley-williams-tickets/artist/2733627
Hayley Williams,Good Dye Young Presents: Hayley Williams At A Bachelorette Party 2026,Water From Your Eyes,5/10/2026,Fox Theater,Oakland,CA,United States,https://www.ticketmaster.com/hayley-williams-tickets/artist/2733627
Hayley Williams,Good Dye Young Presents: Hayley Williams At A Bachelorette Party 2026,Water From Your Eyes,3/28/2026,Tabernacle,Atlanta,GA,United States,https://www.ticketmaster.com/hayley-williams-tickets/artist/2733627
Hayley Williams,Good Dye Young Presents: Hayley Williams At A Bachelorette Party 2026,Water From Your Eyes,3/29/2026,Tabernacle,Atlanta,GA,United States,https://www.ticketmaster.com/hayley-williams-tickets/artist/2733627
Hayley Williams,Good Dye Young Presents: Hayley Williams At A Bachelorette Party 2026,Water From Your Eyes,4/21/2026,Byline Bank Aragon Ballroom,Chicago,IL,United States,https://www.ticketmaster.com/hayley-williams-tickets/artist/2733627
Hayley Williams,Good Dye Young Presents: Hayley Williams At A Bachelorette Party 2026,Water From Your Eyes,4/22/2026,Byline Bank Aragon Ballroom,Chicago,IL,United States,https://www.ticketmaster.com/hayley-williams-tickets/artist/2733627
Hayley Williams,Good Dye Young Presents: Hayley Williams At A Bachelorette Party 2026,Water From Your Eyes,4/3/2026,Citizens House of Blues,Boston,MA,United States,https://www.ticketmaster.com/hayley-williams-tickets/artist/2733627
Hayley Williams,Good Dye Young Presents: Hayley Williams At A Bachelorette Party 2026,Water From Your Eyes,4/4/2026,Citizens House of Blues,Boston,MA,United States,https://www.ticketmaster.com/hayley-williams-tickets/artist/2733627
Hayley Williams,Good Dye Young Presents: Hayley Williams At A Bachelorette Party 2026,Water From Your Eyes,4/14/2026,The Lyric,Baltimore,MD,United States,https://www.ticketmaster.com/hayley-williams-tickets/artist/2733627
Hayley Williams,Good Dye Young Presents: Hayley Williams At A Bachelorette Party 2026,Water From Your Eyes,4/15/2026,The Fillmore,Silver Spring,MD,United States,https://www.ticketmaster.com/hayley-williams-tickets/artist/2733627
Hayley Williams,Good Dye Young Presents: Hayley Williams At A Bachelorette Party 2026,Snuggle; Water From Your Eyes,6/8/2026,Paradiso,Amsterdam,NL,NL,https://www.ticketmaster.com/hayley-williams-tickets/artist/2733627
Hayley Williams,Good Dye Young Presents: Hayley Williams At A Bachelorette Party 2026,Water From Your Eyes,4/17/2026,Fillmore Minneapolis,Minneapolis,MN,United States,https://www.ticketmaster.com/hayley-williams-tickets/artist/2733627
Hayley Williams,Good Dye Young Presents: Hayley Williams At A Bachelorette Party 2026,Water From Your Eyes,4/18/2026,Fillmore Minneapolis,Minneapolis,MN,United States,https://www.ticketmaster.com/hayley-williams-tickets/artist/2733627
Hayley Williams,Good Dye Young Presents: Hayley Williams At A Bachelorette Party 2026,Water From Your Eyes,4/9/2026,Hammerstein Ballroom,New York,NY,United States,https://www.ticketmaster.com/hayley-williams-tickets/artist/2733627
Hayley Williams,Good Dye Young Presents: Hayley Williams At A Bachelorette Party 2026,Water From Your Eyes,4/10/2026,Hammerstein Ballroom,New York,NY,United States,https://www.ticketmaster.com/hayley-williams-tickets/artist/2733627
Hayley Williams,Good Dye Young Presents: Hayley Williams At A Bachelorette Party 2026,Water From Your Eyes,4/12/2026,Hammerstein Ballroom,New York,NY,United States,https://www.ticketmaster.com/hayley-williams-tickets/artist/2733627
Hayley Williams,Good Dye Young Presents: Hayley Williams At A Bachelorette Party 2026,Water From Your Eyes,4/6/2026,Franklin Music Hall,Philadelphia,PA,United States,https://www.ticketmaster.com/hayley-williams-tickets/artist/2733627
Hayley Williams,Good Dye Young Presents: Hayley Williams At A Bachelorette Party 2026,Water From Your Eyes,4/7/2026,Franklin Music Hall,Philadelphia,PA,United States,https://www.ticketmaster.com/hayley-williams-tickets/artist/2733627
Hayley Williams,Good Dye Young Presents: Hayley Williams At A Bachelorette Party 2026,Water From Your Eyes,4/25/2026,Ryman Auditorium,Nashville,TN,United States,https://www.ticketmaster.com/hayley-williams-tickets/artist/2733627
Hayley Williams,Good Dye Young Presents: Hayley Williams At A Bachelorette Party 2026,Water From Your Eyes,4/27/2026,Ryman Auditorium,Nashville,TN,United States,https://www.ticketmaster.com/hayley-williams-tickets/artist/2733627
Hayley Williams,Good Dye Young Presents: Hayley Williams At A Bachelorette Party 2026,Water From Your Eyes,4/28/2026,Ryman Auditorium,Nashville,TN,United States,https://www.ticketmaster.com/hayley-williams-tickets/artist/2733627
Hayley Williams,Good Dye Young Presents: Hayley Williams At A Bachelorette Party 2026,Water From Your Eyes,5/2/2026,Austin City Limits Live,Austin,TX,United States,https://www.ticketmaster.com/hayley-williams-tickets/artist/2733627
Hayley Williams,Good Dye Young Presents: Hayley Williams At A Bachelorette Party 2026,Water From Your Eyes,5/3/2026,Austin City Limits Live,Austin,TX,United States,https://www.ticketmaster.com/hayley-williams-tickets/artist/2733627
Hayley Williams,Good Dye Young Presents: Hayley Williams At A Bachelorette Party 2026,Water From Your Eyes,3/31/2026,Massey Hall,Toronto,ON,CAN,https://www.ticketmaster.com/hayley-williams-tickets/artist/2733627
Hayley Williams,Good Dye Young Presents: Hayley Williams At A Bachelorette Party 2026,Water From Your Eyes,4/1/2026,Massey Hall,Toronto,QC,CAN,https://www.ticketmaster.com/hayley-williams-tickets/artist/2733627
Hayley Williams,Good Dye Young Presents: Hayley Williams At A Bachelorette Party 2026,Water From Your Eyes,6/26/2026,O2 Academy,Glasgow,UK,UK,https://www.ticketmaster.com/hayley-williams-tickets/artist/2733627
Hayley Williams,Good Dye Young Presents: Hayley Williams At A Bachelorette Party 2026,Water From Your Eyes,6/27/2026,O2 Academy,Glasgow,UK,UK,https://www.ticketmaster.com/hayley-williams-tickets/artist/2733627
Hayley Williams,Good Dye Young Presents: Hayley Williams At A Bachelorette Party 2026,Water From Your Eyes,6/19/2026,Roundhouse,London,UK,UK,https://www.ticketmaster.com/hayley-williams-tickets/artist/2733627
Hayley Williams,Good Dye Young Presents: Hayley Williams At A Bachelorette Party 2026,Water From Your Eyes,6/20/2026,Roundhouse,London,UK,UK,https://www.ticketmaster.com/hayley-williams-tickets/artist/2733627
Hayley Williams,Good Dye Young Presents: Hayley Williams At A Bachelorette Party 2026,Water From Your Eyes,6/22/2026,Academy 1,Manchester,UK,UK,https://www.ticketmaster.com/hayley-williams-tickets/artist/2733627
Hayley Williams,Good Dye Young Presents: Hayley Williams At A Bachelorette Party 2026,Water From Your Eyes,6/23/2026,Academy 1,Manchester,UK,UK,https://www.ticketmaster.com/hayley-williams-tickets/artist/2733627
Hot Mulligan,The Sound a Body Makes When It’s Still Tour 2026,Delta Sleep,2/20/2026,L’Orangerie du Botanique,Saint-Josse-ten-Noode,Belgium,Belgium,https://hotmulligan.band
Hot Mulligan,The Sound a Body Makes When It’s Still Tour 2026,Delta Sleep,2/27/2026,Futurum Music Bar,Prague,Czechia,Czechia,https://hotmulligan.band
Hot Mulligan,The Sound a Body Makes When It’s Still Tour 2026,Delta Sleep,3/1/2026,Pumpehuset,Copenhagen,Denmark,Denmark,https://hotmulligan.band
Hot Mulligan,The Sound a Body Makes When It’s Still Tour 2026,Delta Sleep,2/22/2026,La Maroquinerie,Paris,France,France,https://hotmulligan.band
Hot Mulligan,The Sound a Body Makes When It’s Still Tour 2026,Delta Sleep,2/28/2026,Columbia Theater,Berlin,Germany,Germany,https://hotmulligan.band
Hot Mulligan,The Sound a Body Makes When It’s Still Tour 2026,Delta Sleep,3/4/2026,Die Kantine,Cologne,Germany,Germany,https://hotmulligan.band
Hot Mulligan,The Sound a Body Makes When It’s Still Tour 2026,Delta Sleep,3/3/2026,Fabrik,Hamburg,Germany,Germany,https://hotmulligan.band
Hot Mulligan,The Sound a Body Makes When It’s Still Tour 2026,Delta Sleep,2/24/2026,Backstage Werk,Munich,Germany,Germany,https://hotmulligan.band
Hot Mulligan,The Sound a Body Makes When It’s Still Tour 2026,Delta Sleep,3/15/2026,The Academy,Dublin,IE,IE,https://hotmulligan.band
Hot Mulligan,Hot Mulligan Japan Tour 2026,,5/8/2026,F/A/D/,Kanagawa Yokohama,Japan,Japan,https://hotmulligan.band
Hot Mulligan,Hot Mulligan Japan Tour 2026,,5/9/2026,WWW X,Tokyo Shibuya,Japan,Japan,https://hotmulligan.band
Hot Mulligan,Hot Mulligan Japan Tour 2026,,5/10/2026,Fever,Tokyo Shindaita,Japan,Japan,https://hotmulligan.band
Hot Mulligan,The Sound a Body Makes When It’s Still Tour 2026,Delta Sleep,2/21/2026,Melkweg,Amsterdam,Netherlands,Netherlands,https://hotmulligan.band
Hot Mulligan,The Sound a Body Makes When It’s Still Tour 2026,saturdays at your place; Forests,4/25/2026,The Fortitude Music Hall,Fortitude Valley,,Australia,https://hotmulligan.band
Hot Mulligan,The Sound a Body Makes When It’s Still Tour 2026,saturdays at your place; Forests,4/27/2026,The Gov,Hindmarsh,,Australia,https://hotmulligan.band
Hot Mulligan,The Sound a Body Makes When It’s Still Tour 2026,saturdays at your place; Forests,4/26/2026,The Roundhouse UNSW,Kensington,,Australia,https://hotmulligan.band
Hot Mulligan,The Sound a Body Makes When It’s Still Tour 2026,saturdays at your place; Forests,4/22/2026,Forum Melbourne,Melbourne,,Australia,https://hotmulligan.band
Hot Mulligan,The Sound a Body Makes When It’s Still Tour 2026,saturdays at your place; Forests,4/29/2026,Astor Theatre,Mount Lawley,,Australia,https://hotmulligan.band
Hot Mulligan,The Sound a Body Makes When It’s Still Tour 2026,Delta Sleep,3/11/2026,O2 Institute,Birmingham,UK,UK,https://hotmulligan.band
Hot Mulligan,The Sound a Body Makes When It’s Still Tour 2026,Delta Sleep,3/10/2026,The Prospect Building,Bristol,UK,UK,https://hotmulligan.band
Hot Mulligan,The Sound a Body Makes When It’s Still Tour 2026,Delta Sleep,3/8/2026,Barrowland Ballroom,Glasgow,UK,UK,https://hotmulligan.band
Hot Mulligan,The Sound a Body Makes When It’s Still Tour 2026,Delta Sleep,3/6/2026,University Refectory,Leeds,UK,UK,https://hotmulligan.band
Hot Mulligan,The Sound a Body Makes When It’s Still Tour 2026,Delta Sleep,3/12/2026,Roundhouse,London,UK,UK,https://hotmulligan.band
Hot Mulligan,The Sound a Body Makes When It’s Still Tour 2026,Delta Sleep,3/7/2026,Manchester Academy,Manchester,UK,UK,https://hotmulligan.band
Hot Mulligan,Coachella,Festival (various artists),4/10/2026,Empire Polo Field (Coachella),Indio,CA,United States,https://link.seated.com/0e0c8201-38c9-4d6f-bf92-7d9677f008ed
Hot Mulligan,Hot Mulligan Japan Tour 2026,,5/7/2026,Mime Spices,Tokyo Shinjuku,Japan,Japan,https://nothingfeelsreal.square.site/product/-will-call-hot-mulligan-japan-tour-2026/EY7ATUUWAK4RFPRHDPPW7JSG?cp=true&sa=true&sbp=false&q=false
Hot Mulligan,Bonnaroo Music and Arts Festival,Festival (various artists),6/11/2026,Great Stage Park (Bonnaroo),Manchester,TN,United States,https://www.bonnaroo.com/tickets
Hot Mulligan,Emo’s Not Dead Cruise,Various festival / cruise lineup,1/22/2026,Emo’s Not Dead Cruise,Miami,FL,United States,https://emosnotdeadcruise.com
Hot Mulligan,Excellency Music Festival,Festival (various artists),4/4/2026,Historic Masonic Temple,Bay City,MI,United States,https://excellencymusicfestival.com
My Chemical Romance,The Black Parade 2026 Stadium Tour,,2/1/2026,Estadio Tomás Adolfo Ducó,Buenos Aires,,Argentina,https://www.mychemicalromance.com
My Chemical Romance,The Black Parade 2026 Stadium Tour,,2/5/2026,Allianz Parque,São Paulo,Brazil,Brazil,https://www.mychemicalromance.com
My Chemical Romance,The Black Parade 2026 Stadium Tour,,2/6/2026,Allianz Parque,São Paulo,Brazil,Brazil,https://www.mychemicalromance.com
My Chemical Romance,The Black Parade 2026 Stadium Tour,,1/28/2026,Estadio Bicentenario Municipal de La Florida,Santiago,Chile,Chile,https://www.mychemicalromance.com
My Chemical Romance,The Black Parade 2026 Stadium Tour,,1/29/2026,Estadio Bicentenario Municipal de La Florida,Santiago,Chile,Chile,https://www.mychemicalromance.com
My Chemical Romance,The Black Parade 2026 Stadium Tour,,1/22/2026,Vive Claro Distrito Cultural,Bogotá,Colombia,Colombia,https://www.mychemicalromance.com
My Chemical Romance,The Black Parade 2026 Stadium Tour,,5/3/2026,NICE PIK2,Jakarta,Indonesia,Indonesia,https://www.mychemicalromance.com
My Chemical Romance,The Black Parade 2026 Stadium Tour,,7/15/2026,Visarno Arena,Florence,Italy,Italy,https://www.mychemicalromance.com
My Chemical Romance,The Black Parade 2026 Stadium Tour,,4/30/2026,Bukit Jalil National Stadium,Kuala Lumpur,Malaysia,Malaysia,https://www.mychemicalromance.com
My Chemical Romance,The Black Parade 2026 Stadium Tour,,5/1/2026,Bukit Jalil National Stadium,Kuala Lumpur,Malaysia,Malaysia,https://www.mychemicalromance.com
My Chemical Romance,The Black Parade 2026 Stadium Tour,,2/13/2026,Estadio GNP Seguros,Mexico City,Mexico,Mexico,https://www.mychemicalromance.com
My Chemical Romance,The Black Parade 2026 Stadium Tour,,2/14/2026,Estadio GNP Seguros,Mexico City,Mexico,Mexico,https://www.mychemicalromance.com
My Chemical Romance,The Black Parade 2026 Stadium Tour,Jimmy Eat World,9/6/2026,Chase Field,Phoenix,AZ,United States,https://www.mychemicalromance.com
My Chemical Romance,The Black Parade 2026 Stadium Tour,,10/21/2026,Hollywood Bowl,Hollywood,CA,United States,https://www.mychemicalromance.com
My Chemical Romance,The Black Parade 2026 Stadium Tour,,10/23/2026,Hollywood Bowl,Hollywood,CA,United States,https://www.mychemicalromance.com
My Chemical Romance,The Black Parade 2026 Stadium Tour,,10/24/2026,Hollywood Bowl,Hollywood,CA,United States,https://www.mychemicalromance.com
My Chemical Romance,The Black Parade 2026 Stadium Tour,,10/30/2026,Hollywood Bowl,Hollywood,CA,United States,https://www.mychemicalromance.com
My Chemical Romance,The Black Parade 2026 Stadium Tour,,10/31/2026,Hollywood Bowl,Hollywood,CA,United States,https://www.mychemicalromance.com
My Chemical Romance,The Black Parade 2026 Stadium Tour,Babymetal,8/30/2026,Petco Park,San Diego,CA,United States,https://www.mychemicalromance.com
My Chemical Romance,The Black Parade 2026 Stadium Tour,The Breeders,8/27/2026,Coors Field,Denver,CO,United States,https://www.mychemicalromance.com
My Chemical Romance,The Black Parade 2026 Stadium Tour,Modest Most,8/18/2026,Nationals Park,Washington,DC,United States,https://www.mychemicalromance.com
My Chemical Romance,The Black Parade 2026 Stadium Tour,,5/10/2026,Daytona International Speedway,Daytona Beach,FL,United States,https://www.mychemicalromance.com
My Chemical Romance,The Black Parade 2026 Stadium Tour,,9/18/2026,Highland Festival Grounds at Kentucky Exposition Center,Louisville,KY,United States,https://www.mychemicalromance.com
My Chemical Romance,The Black Parade 2026 Stadium Tour,Iggy Pop,8/21/2026,Comerica Park,Detroit,MI,United States,https://www.mychemicalromance.com
My Chemical Romance,The Black Parade 2026 Stadium Tour,Sleater-Kinney,8/24/2026,Target Field,Minneapolis,MN,United States,https://www.mychemicalromance.com
My Chemical Romance,The Black Parade 2026 Stadium Tour,Franz Ferdinand,8/9/2026,Citi Field,Flushing,NY,United States,https://www.mychemicalromance.com
My Chemical Romance,The Black Parade 2026 Stadium Tour,,5/14/2026,Historic Crew Stadium,Columbus,OH,United States,https://www.mychemicalromance.com
My Chemical Romance,The Black Parade 2026 Stadium Tour,Pierce the Veil,8/13/2026,Nissan Stadium,Nashville,TN,United States,https://www.mychemicalromance.com
My Chemical Romance,The Black Parade 2026 Stadium Tour,The Mars Volta,9/12/2026,Alamodome,San Antonio,TX,United States,https://www.mychemicalromance.com
My Chemical Romance,The Black Parade 2026 Stadium Tour,,1/25/2026,Estadio Nacional,Lima,Peru,Peru,https://www.mychemicalromance.com
My Chemical Romance,The Black Parade 2026 Stadium Tour,,4/25/2026,Philippine Arena,Manila,Philippines,Philippines,https://www.mychemicalromance.com
My Chemical Romance,The Black Parade 2026 Stadium Tour,,4/28/2026,Singapore Indoor Stadium,Singapore,Singapore,Singapore,https://www.mychemicalromance.com
My Chemical Romance,The Black Parade 2026 Stadium Tour,,4/18/2026,Paradise City Korea,Incheon,South Korea,South Korea,https://www.mychemicalromance.com
My Chemical Romance,The Black Parade 2026 Stadium Tour,,7/18/2026,Iberdrola Music,Madrid,Spain,Spain,https://www.mychemicalromance.com
My Chemical Romance,The Black Parade 2026 Stadium Tour,,4/22/2026,Impact Challenger Hall 1,Bangkok,Thailand,Thailand,https://www.mychemicalromance.com
My Chemical Romance,The Black Parade 2026 Stadium Tour,,7/4/2026,Bellahouston Park,Glasgow,UK,UK,https://www.mychemicalromance.com
My Chemical Romance,The Black Parade 2026 Stadium Tour,,6/30/2026,Anfield Stadium,Liverpool,UK,UK,https://www.mychemicalromance.com
My Chemical Romance,The Black Parade 2026 Stadium Tour,,7/8/2026,Wembley Stadium,London,UK,UK,https://www.mychemicalromance.com
My Chemical Romance,The Black Parade 2026 Stadium Tour,,7/10/2026,Wembley Stadium,London,UK,UK,https://www.mychemicalromance.com
My Chemical Romance,The Black Parade 2026 Stadium Tour,,7/11/2026,Wembley Stadium,London,UK,UK,https://www.mychemicalromance.com
Pierce the Veil,I Can’t Hear You World Tour 2026,,4/21/2026,Neal S. Blaisdell Center,Honolulu,HI,United States,https://piercetheveil.net
Pierce the Veil,I Can’t Hear You World Tour 2026,,4/22/2026,Neal S. Blaisdell Center,Honolulu,HI,United States,https://piercetheveil.net
Pierce the Veil,Sonic Temple Festival,Festival (various artists),5/14/2026,Sonic Temple Festival,Columbus,OH,United States,https://piercetheveil.net
Pierce the Veil,,,8/13/2026,Nissan Stadium,Nashville,TN,United States,https://piercetheveil.net
Pierce the Veil,,Guns N’ Roses (supporting),9/9/2026,Globe Life Field,Arlington,TX,United States,https://piercetheveil.net
Pierce the Veil,,Guns N’ Roses (supporting),9/16/2026,Alamodome,San Antonio,TX,United States,https://piercetheveil.net
Pierce the Veil,I Can’t Hear You World Tour 2026,Movements; Jack Kays,4/14/2026,The Drive,Adelaide,,Australia,https://piercetheveil.net
Pierce the Veil,I Can’t Hear You World Tour 2026,Movements; Jack Kays,4/8/2026,Riverstage,Brisbane,,Australia,https://piercetheveil.net
Pierce the Veil,I Can’t Hear You World Tour 2026,Movements; Jack Kays,4/12/2026,Rod Laver Arena,Melbourne,,Australia,https://piercetheveil.net
Pierce the Veil,I Can’t Hear You World Tour 2026,Movements; Jack Kays,4/16/2026,Red Hill Auditorium,Perth,,Australia,https://piercetheveil.net
Pierce the Veil,I Can’t Hear You World Tour 2026,Movements; Jack Kays,4/10/2026,Hordern Pavilion,Sydney,,Australia,https://piercetheveil.net
Pierce the Veil,I Can’t Hear You World Tour 2026,,4/11/2026,Hordern Pavilion,Sydney,,Australia,https://piercetheveil.net
Simple Plan,Bigger than you think! Europe/UK Tour,None (without Neck Deep),10/5/2026,TBA,Brussels,Belgium,Belgium,https://www.officialsimpleplan.com
Simple Plan,Bigger than you think! Europe/UK Tour,Neck Deep,10/18/2026,TBA,Prague,Czechia,Czechia,https://www.officialsimpleplan.com
Simple Plan,Bigger than you think! Europe/UK Tour,Neck Deep,10/12/2026,TBA,Copenhagen,Denmark,Denmark,https://www.officialsimpleplan.com
Simple Plan,Bigger than you think! Europe/UK Tour,Neck Deep,10/31/2026,TBA,Paris,France,France,https://www.officialsimpleplan.com
Simple Plan,Bigger than you think! Europe/UK Tour,Neck Deep,10/16/2026,TBA,Berlin,Germany,Germany,https://www.officialsimpleplan.com
Simple Plan,Bigger than you think! Europe/UK Tour,None (without Neck Deep),10/8/2026,TBA,Düsseldorf,Germany,Germany,https://www.officialsimpleplan.com
Simple Plan,Bigger than you think! Europe/UK Tour,Neck Deep,10/10/2026,TBA,Hamburg,Germany,Germany,https://www.officialsimpleplan.com
Simple Plan,Bigger than you think! Europe/UK Tour,Neck Deep,10/23/2026,TBA,Munich,Germany,Germany,https://www.officialsimpleplan.com
Simple Plan,Bigger than you think! Europe/UK Tour,Neck Deep,10/24/2026,TBA,Milan,Italy,Italy,https://www.officialsimpleplan.com
Simple Plan,Bigger than you think! Europe/UK Tour,Neck Deep,10/9/2026,TBA,Amsterdam,Netherlands,Netherlands,https://www.officialsimpleplan.com
Simple Plan,Bigger than you think! Europe/UK Tour,Neck Deep,10/13/2026,TBA,Oslo,Norway,Norway,https://www.officialsimpleplan.com
Simple Plan,Bigger than you think! Europe/UK Tour,Neck Deep,10/17/2026,TBA,Warsaw,Poland,Poland,https://www.officialsimpleplan.com
Simple Plan,Bigger than you think! Europe/UK Tour,Neck Deep,10/26/2026,TBA,Barcelona,Spain,Spain,https://www.officialsimpleplan.com
Simple Plan,Bigger than you think! Europe/UK Tour,Neck Deep,10/27/2026,TBA,Madrid,Spain,Spain,https://www.officialsimpleplan.com
Simple Plan,Bigger than you think! Europe/UK Tour,Neck Deep,10/14/2026,TBA,Stockholm,Sweden,Sweden,https://www.officialsimpleplan.com
Simple Plan,Bigger than you think! Europe/UK Tour,Neck Deep,10/29/2026,TBA,Zurich,Switzerland,Switzerland,https://www.officialsimpleplan.com
Simple Plan,Bigger than you think! Europe/UK Tour,Neck Deep,10/20/2026,TBA,Vienna,,Austria,https://www.officialsimpleplan.com
Simple Plan,Bigger than you think! Europe/UK Tour,None (without Neck Deep),10/3/2026,TBA,London,UK,UK,https://www.officialsimpleplan.com
Simple Plan,Bigger than you think! Europe/UK Tour,None (without Neck Deep),10/2/2026,TBA,Manchester,UK,UK,https://www.officialsimpleplan.com
State Champs,Around the World and Back — 10 Yr Anniversary,Real Friends; Harrison Gordon; Driveways,1/9/2026,The Salt Shed,Chicago,IL,IL,https://statechamps.band/pages/tour
State Champs,Around the World and Back — 10 Yr Anniversary,Cartel; Real Friends; Broadside,1/17/2026,House Of Blues,Boston,MA,MA,https://statechamps.band/pages/tour
State Champs,Around the World and Back — 10 Yr Anniversary,Real Friends; Driveways; Summerbruise,1/10/2026,The Majestic Theatre,Detroit,MI,MI,https://statechamps.band/pages/tour
State Champs,Around the World and Back — 10 Yr Anniversary,Broadside,1/13/2026,Empire Live,Albany,NY,NY,https://statechamps.band/pages/tour
State Champs,Around the World and Back — 10 Yr Anniversary,Cartel; Real Friends; Broadside,1/16/2026,Brooklyn Paramount,New York,NY,NY,https://statechamps.band/pages/tour
State Champs,Around the World and Back — 10 Yr Anniversary,Real Friends; Driveways; Mallory Run,1/11/2026,Agora Theatre and Ballroom,Cleveland,OH,OH,https://statechamps.band/pages/tour
State Champs,Sonic Temple Festival,Festival (various artists),5/16/2026,Sonic Temple Festival,Columbus,OH,OH,https://statechamps.band/pages/tour
State Champs,Around the World and Back — 10 Yr Anniversary,Cartel; Real Friends; Broadside,1/18/2026,The Fillmore Philadelphia,Philadelphia,PA,PA,https://statechamps.band/pages/tour
State Champs,Slam Dunk Festival South,Festival (various artists),5/23/2026,Slam Dunk Festival South,Hatfield,UK,UK,https://statechamps.band/pages/tour
State Champs,Slam Dunk Festival North,Festival (various artists),5/24/2026,Slam Dunk Festival North,Leeds,UK,UK,https://statechamps.band/pages/tour
State Champs,,Honey Revenge; Origami Angel; Just Friends,2/6/2026,The Wiltern,Los Angeles,CA,CA,https://statechamps.band/pages/tour
State Champs,Welcome To Rockville Festival,Festival (various artists),5/7/2026,Daytona International Speedway,Daytona Beach,FL,FL,https://welcometorockville.com
State Champs,Emo’s Not Dead Cruise,,Jan 22–26 2026,Emo’s Not Dead Cruise,Miami,FL,FL,https://emosnotdeadcruise.com
The Maine,I Love You But I Chose The Maine 2026 Tour,,3/25/2026,The Van Buren,Phoenix,AZ,AZ,https://www.themaineband.com/
The Maine,I Love You But I Chose The Maine 2026 Tour,,3/28/2026,The Novo,Los Angeles,CA,CA,https://www.themaineband.com/
The Maine,I Love You But I Chose The Maine 2026 Tour,,3/27/2026,The Observatory North Park,San Diego,CA,CA,https://www.themaineband.com/
The Maine,I Love You But I Chose The Maine 2026 Tour,,3/29/2026,The Regency Ballroom,San Francisco,CA,CA,https://www.themaineband.com/
The Maine,I Love You But I Chose The Maine 2026 Tour,,4/3/2026,Ogden Theatre,Denver,CO,CO,https://www.themaineband.com/
The Maine,I Love You But I Chose The Maine 2026 Tour,,4/19/2026,9:30 Club,Washington,D.C.,D.C.,https://www.themaineband.com/
The Maine,I Love You But I Chose The Maine 2026 Tour,,Feb 28 2026 - Mar 4 2026,Norwegian Cruise Line - Cruise Terminal B,Miami,FL,FL,https://www.themaineband.com/
The Maine,I Love You But I Chose The Maine 2026 Tour,,4/26/2026,House of Blues Orlando,Orlando,FL,FL,https://www.themaineband.com/
The Maine,I Love You But I Chose The Maine 2026 Tour,,4/28/2026,Jannus Live,St. Petersburg,FL,FL,https://www.themaineband.com/
The Maine,I Love You But I Chose The Maine 2026 Tour,,4/25/2026,The Masquerade,Atlanta,GA,GA,https://www.themaineband.com/
The Maine,I Love You But I Chose The Maine 2026 Tour,,4/10/2026,The Salt Shed,Chicago,IL,IL,https://www.themaineband.com/
The Maine,I Love You But I Chose The Maine 2026 Tour,,4/18/2026,Citizens House of Blues Boston,Boston,MA,MA,https://www.themaineband.com/
The Maine,I Love You But I Chose The Maine 2026 Tour,,4/11/2026,Masonic Temple,Detroit,MI,MI,https://www.themaineband.com/
The Maine,I Love You But I Chose The Maine 2026 Tour,,4/9/2026,First Avenue,Minneapolis,MN,MN,https://www.themaineband.com/
The Maine,I Love You But I Chose The Maine 2026 Tour,,4/23/2026,The Fillmore Charlotte,Charlotte,NC,NC,https://www.themaineband.com/
The Maine,I Love You But I Chose The Maine 2026 Tour,,3/24/2026,Brooklyn Bowl Las Vegas,Las Vegas,NV,NV,https://www.themaineband.com/
The Maine,I Love You But I Chose The Maine 2026 Tour,,4/21/2026,Brooklyn Paramount,New York,NY,NY,https://www.themaineband.com/
The Maine,I Love You But I Chose The Maine 2026 Tour,,4/12/2026,KEMBA Live!,Columbus,OH,OH,https://www.themaineband.com/
The Maine,I Love You But I Chose The Maine 2026 Tour,,4/15/2026,HISTORY,Toronto,ON,ON,https://www.themaineband.com/
The Maine,I Love You But I Chose The Maine 2026 Tour,,4/1/2026,Roseland Theater,Portland,OR,OR,https://www.themaineband.com/
The Maine,I Love You But I Chose The Maine 2026 Tour,,4/17/2026,Franklin Music Hall,Philadelphia,PA,PA,https://www.themaineband.com/
The Maine,I Love You But I Chose The Maine 2026 Tour,,4/14/2026,Stage AE,Pittsburgh,PA,PA,https://www.themaineband.com/
The Maine,I Love You But I Chose The Maine 2026 Tour,,4/24/2026,Marathon Music Works,Nashville,TN,TN,https://www.themaineband.com/
The Maine,I Love You But I Chose The Maine 2026 Tour,,5/1/2026,Stubb's Waller Creek Amphitheater,Austin,TX,TX,https://www.themaineband.com/
The Maine,I Love You But I Chose The Maine 2026 Tour,,5/2/2026,The Bomb Factory,Dallas,TX,TX,https://www.themaineband.com/
The Maine,I Love You But I Chose The Maine 2026 Tour,,4/30/2026,House of Blues Houston,Houston,TX,TX,https://www.themaineband.com/
The Maine,I Love You But I Chose The Maine 2026 Tour,,3/31/2026,Showbox SoDo,Seattle,WA,WA,https://www.themaineband.com/
The Wonder Years,,,1/14/2026,The Prospect Building,Bristol,England,England,https://thewonderyearsband.com
The Wonder Years,,,1/17/2026,O2 Forum Kentish Town,London,England,England,https://thewonderyearsband.com
The Wonder Years,No Closer to Heaven Tour,Knuckle Puck; Weakened Friends,4/5/2026,The Danforth Music Hall,Toronto,ON CA,ON CA,https://thewonderyearsband.com
The Wonder Years,,,1/15/2026,SWG3 Galvanizers,Glasgow,Scotland,Scotland,https://thewonderyearsband.com
The Wonder Years,No Closer to Heaven Tour,Knuckle Puck; Initiate,3/18/2026,Nile Theater,Mesa,AZ,United States,https://thewonderyearsband.com
The Wonder Years,No Closer to Heaven Tour,Knuckle Puck; Initiate,3/20/2026,House of Blues Anaheim,Anaheim,CA,United States,https://thewonderyearsband.com
The Wonder Years,No Closer to Heaven Tour,Knuckle Puck; Initiate,3/22/2026,The UC Theatre,Berkeley,CA,United States,https://thewonderyearsband.com
The Wonder Years,No Closer to Heaven Tour,Knuckle Puck; Initiate,3/21/2026,Belasco Theater,Los Angeles,CA,United States,https://thewonderyearsband.com
The Wonder Years,No Closer to Heaven Tour,Knuckle Puck; Initiate,3/19/2026,The Observatory North Park,San Diego,CA,United States,https://thewonderyearsband.com
The Wonder Years,No Closer to Heaven Tour,Knuckle Puck; Initiate,3/29/2026,Ogden Theatre,Denver,CO,United States,https://thewonderyearsband.com
The Wonder Years,Welcome To Rockville Festival,Festival (various artists),5/7/2026,Daytona International Speedway,Daytona Beach,FL,United States,https://thewonderyearsband.com
The Wonder Years,No Closer to Heaven Tour,Knuckle Puck; Equipment,3/8/2026,House of Blues Orlando,Lake Buena Vista,FL,United States,https://thewonderyearsband.com
The Wonder Years,No Closer to Heaven Tour,Knuckle Puck; Equipment,3/10/2026,The Masquerade (Heaven),Atlanta,GA,United States,https://thewonderyearsband.com
The Wonder Years,Treefort Music Fest,Festival (various artists),25–29-Mar-26,Treefort Music Fest,Boise,ID,United States,https://thewonderyearsband.com
The Wonder Years,No Closer to Heaven Tour,Knuckle Puck; Weakened Friends,4/2/2026,Riviera Theatre,Chicago,IL,United States,https://thewonderyearsband.com
The Wonder Years,No Closer to Heaven Tour,Knuckle Puck; Weakened Friends,4/8/2026,Citizens House of Blues Boston,Boston,MA,United States,https://thewonderyearsband.com
The Wonder Years,No Closer to Heaven Tour,Knuckle Puck; Equipment,3/5/2026,The Fillmore Silver Spring,Silver Spring,MD,United States,https://thewonderyearsband.com
The Wonder Years,No Closer to Heaven Tour,Knuckle Puck; Weakened Friends,4/3/2026,Saint Andrew’s Hall,Detroit,MI,United States,https://thewonderyearsband.com
The Wonder Years,No Closer to Heaven Tour,Knuckle Puck; Weakened Friends,4/1/2026,Varsity Theater,Minneapolis,MN,United States,https://thewonderyearsband.com
The Wonder Years,No Closer to Heaven Tour,Knuckle Puck; Weakened Friends,3/31/2026,The Truman,Kansas City,MO,United States,https://thewonderyearsband.com
The Wonder Years,No Closer to Heaven Tour,Knuckle Puck; Equipment,3/7/2026,The Fillmore Charlotte,Charlotte,NC,United States,https://thewonderyearsband.com
The Wonder Years,No Closer to Heaven Tour,Knuckle Puck; Equipment,3/6/2026,The Ritz,Raleigh,NC,United States,https://thewonderyearsband.com
The Wonder Years,No Closer to Heaven Tour,Knuckle Puck; Weakened Friends,4/7/2026,Empire Live,Albany,NY,United States,https://thewonderyearsband.com
The Wonder Years,No Closer to Heaven Tour,Knuckle Puck; Equipment,3/4/2026,Brooklyn Paramount,New York,NY,United States,https://thewonderyearsband.com
The Wonder Years,,,1/16/2026,Albert Hall,Manchester,United Kingdom,United Kingdom,https://thewonderyearsband.com
The Wonder Years,No Closer to Heaven Tour,Knuckle Puck; Weakened Friends,4/4/2026,House of Blues Cleveland,Cleveland,OH,United States,https://thewonderyearsband.com
The Wonder Years,Sonic Temple Festival,Festival (various artists),5/14/2026,Sonic Temple Festival,Columbus,OH,United States,https://thewonderyearsband.com
The Wonder Years,No Closer to Heaven Tour,Knuckle Puck; Equipment,3/12/2026,Tower Theatre,Oklahoma City,OK,United States,https://thewonderyearsband.com
The Wonder Years,No Closer to Heaven Tour,Knuckle Puck; Initiate,3/24/2026,Revolution Hall,Portland,OR,United States,https://thewonderyearsband.com
The Wonder Years,No Closer to Heaven Tour,Knuckle Puck; Weakened Friends,4/9/2026,Theatre of Living Arts,Philadelphia,PA,United States,https://thewonderyearsband.com
The Wonder Years,No Closer to Heaven Tour,Pool Kids; Head North,4/10/2026,Theatre of Living Arts,Philadelphia,PA,United States,https://thewonderyearsband.com
The Wonder Years,No Closer to Heaven Tour,Oso Oso; Future Teens,4/11/2026,Theatre of Living Arts,Philadelphia,PA,United States,https://thewonderyearsband.com
The Wonder Years,No Closer to Heaven Tour,Spanish Love Songs; Bike Routes,4/12/2026,Theatre of Living Arts,Philadelphia,PA,United States,https://thewonderyearsband.com
The Wonder Years,No Closer to Heaven Tour,Defeater; Bad Bloom,4/14/2026,Theatre of Living Arts,Philadelphia,PA,United States,https://thewonderyearsband.com
The Wonder Years,No Closer to Heaven Tour,Origami Angel; Queen of Jeans,4/15/2026,Theatre of Living Arts,Philadelphia,PA,United States,https://thewonderyearsband.com
The Wonder Years,No Closer to Heaven Tour,Knuckle Puck; Equipment,3/11/2026,Brooklyn Bowl Nashville,Nashville,TN,United States,https://thewonderyearsband.com
The Wonder Years,No Closer to Heaven Tour,Knuckle Puck; Equipment,3/14/2026,Emo’s Austin,Austin,TX,United States,https://thewonderyearsband.com
The Wonder Years,No Closer to Heaven Tour,Knuckle Puck; Equipment,3/13/2026,Granada Theater,Dallas,TX,United States,https://thewonderyearsband.com
The Wonder Years,No Closer to Heaven Tour,Knuckle Puck; Initiate,3/17/2026,The Lowbrow Palace,El Paso,TX,United States,https://thewonderyearsband.com
The Wonder Years,No Closer to Heaven Tour,Knuckle Puck; Initiate,3/28/2026,The Grand at The Complex,Salt Lake City,UT,United States,https://thewonderyearsband.com
The Wonder Years,No Closer to Heaven Tour,Knuckle Puck; Initiate,3/25/2026,Showbox SoDo,Seattle,WA,United States,https://thewonderyearsband.com
